tree	nid	nneigh	name	depth	comments
0	0	2	NODE_0000000	2	[]
0	1	3	NODE_0000001	1	[]
0	2	1	ENV82218.1	0	[]
0	3	3	NODE_0000002	3	[]
0	4	3	NODE_0000003	2	[]
0	5	3	NODE_0000004	1	[]
0	6	1	EPF70268.1	0	[]
0	7	3	NODE_0000005	2	[]
0	8	3	NODE_0000006	1	[]
0	9	1	WP_204376239.1	0	[]
0	10	3	NODE_0000007	2	[]
0	11	3	NODE_0000008	1	[]
0	12	1	WP_204376238.1	0	[]
0	13	1	WP_240067731.1	0	[]
0	14	3	NODE_0000009	1	[]
0	15	1	WP_204376237.1	0	[]
0	16	3	NODE_0000010	1	[]
0	17	1	WP_204376236.1	0	[]
0	18	3	NODE_0000011	1	[]
0	19	1	WP_122634439.1	0	[]
0	20	1	WP_116786836.1	0	[]
0	21	3	NODE_0000012	2	[]
0	22	3	NODE_0000013	1	[]
0	23	1	WP_109545048.1	0	[]
0	24	1	WP_231869629.1	0	[]
0	25	3	NODE_0000014	2	[]
0	26	3	NODE_0000015	1	[]
0	27	1	ADK92148.1	0	[]
0	28	3	NODE_0000016	2	[]
0	29	3	NODE_0000017	1	[]
0	30	1	WP_204376235.1	0	[]
0	31	3	NODE_0000018	1	[]
0	32	1	ACX70402.1	0	[]
0	33	1	AFG29918.1	0	[]
0	34	3	NODE_0000019	2	[]
0	35	3	NODE_0000020	1	[]
0	36	1	AGK07368.1	0	[]
0	37	1	WP_109545071.1	0	[]
0	38	3	NODE_0000021	1	[]
0	39	1	WP_063864112.1	0	[]
0	40	3	NODE_0000022	1	[]
0	41	1	WP_256875621.1	0	[]
0	42	3	NODE_0000023	1	[]
0	43	1	AGK07369.1	0	[]
0	44	1	WP_140423318.1	0	[]
0	45	3	NODE_0000024	2	[]
0	46	3	NODE_0000025	1	[]
0	47	1	ADB28892.1	0	[]
0	48	1	WP_164461290.1	0	[]
0	49	3	NODE_0000026	1	[]
0	50	1	ADB28891.1	0	[]
0	51	3	NODE_0000027	2	[]
0	52	3	NODE_0000028	1	[]
0	53	1	AFK28473.1	0	[]
0	54	3	NODE_0000029	1	[]
0	55	1	WP_087554513.1	0	[]
0	56	1	WP_231869647.1	0	[]
0	57	3	NODE_0000030	1	[]
0	58	1	AAM34291.1	0	[]
0	59	3	NODE_0000031	2	[]
0	60	3	NODE_0000032	1	[]
0	61	1	AAG35607.1	0	[]
0	62	1	AKL59536.1	0	[]
0	63	3	NODE_0000033	1	[]
0	64	1	AAG35608.1	0	[]
0	65	1	CAQ51348.1	0	[]
0	66	3	NODE_0000034	1	[]
0	67	1	WP_136512097.1	0	[]
0	68	3	NODE_0000035	2	[]
0	69	3	NODE_0000036	1	[]
0	70	1	QBQ03043.1	0	[]
0	71	3	NODE_0000037	2	[]
0	72	3	NODE_0000038	1	[]
0	73	1	WP_085562421.1	0	[]
0	74	1	WP_136512098.1	0	[]
0	75	3	NODE_0000039	1	[]
0	76	1	WP_136512099.1	0	[]
0	77	1	WP_005405613.1	0	[]
0	78	3	NODE_0000040	1	[]
0	79	1	ADK35873.1	0	[]
0	80	3	NODE_0000041	1	[]
0	81	1	WP_136512101.1	0	[]
0	82	3	NODE_0000042	2	[]
0	83	3	NODE_0000043	1	[]
0	84	1	ADK35874.1	0	[]
0	85	3	NODE_0000044	1	[]
0	86	1	WP_136512102.1	0	[]
0	87	1	WP_005404206.1	0	[]
0	88	3	NODE_0000045	2	[]
0	89	3	NODE_0000046	1	[]
0	90	1	ACI28281.1	0	[]
0	91	3	NODE_0000047	1	[]
0	92	1	AJO16038.1	0	[]
0	93	3	NODE_0000048	1	[]
0	94	1	AAP40270.1	0	[]
0	95	3	NODE_0000049	1	[]
0	96	1	WP_231869595.1	0	[]
0	97	3	NODE_0000050	1	[]
0	98	1	ENV88740.1	0	[]
0	99	3	NODE_0000051	2	[]
0	100	3	NODE_0000052	1	[]
0	101	1	WP_111280830.1	0	[]
0	102	3	NODE_0000053	1	[]
0	103	1	ACE63186.1	0	[]
0	104	1	WP_075040046.1	0	[]
0	105	3	NODE_0000054	1	[]
0	106	1	WP_231869594.1	0	[]
0	107	3	NODE_0000055	1	[]
0	108	1	WP_231869596.1	0	[]
0	109	3	NODE_0000056	1	[]
0	110	1	WP_136512100.1	0	[]
0	111	3	NODE_0000057	1	[]
0	112	1	QBQ03037.1	0	[]
0	113	1	WP_026444036.1	0	[]
0	114	3	NODE_0000058	2	[]
0	115	3	NODE_0000059	1	[]
0	116	1	AIT76095.1	0	[]
0	117	3	NODE_0000060	1	[]
0	118	1	ADK35871.1	0	[]
0	119	3	NODE_0000061	1	[]
0	120	1	AJT57878.1	0	[]
0	121	1	ADK35872.1	0	[]
0	122	3	NODE_0000062	2	[]
0	123	3	NODE_0000063	1	[]
0	124	1	ADK35870.1	0	[]
0	125	3	NODE_0000064	1	[]
0	126	1	AEP43731.1	0	[]
0	127	1	AFN65709.1	0	[]
0	128	3	NODE_0000065	2	[]
0	129	3	NODE_0000066	1	[]
0	130	1	AKF41839.1	0	[]
0	131	1	WP_194293137.1	0	[]
0	132	3	NODE_0000067	3	[]
0	133	3	NODE_0000068	2	[]
0	134	3	NODE_0000069	1	[]
0	135	1	AAV65289.1	0	[]
0	136	1	WP_168247884.1	0	[]
0	137	3	NODE_0000070	1	[]
0	138	1	WP_111672907.1	0	[]
0	139	3	NODE_0000071	1	[]
0	140	1	ADK35869.1	0	[]
0	141	1	AKR53962.1	0	[]
0	142	3	NODE_0000072	2	[]
0	143	3	NODE_0000073	1	[]
0	144	1	AIY30331.1	0	[]
0	145	3	NODE_0000074	1	[]
0	146	1	AAG35609.2	0	[]
0	147	1	AAW22056.1	0	[]
0	148	3	NODE_0000075	1	[]
0	149	1	AKF41840.1	0	[]
0	150	3	NODE_0000076	1	[]
0	151	1	ADK35875.1	0	[]
0	152	1	AIY30332.1	0	[]
0	153	3	NODE_0000077	3	[]
0	154	3	NODE_0000078	2	[]
0	155	3	NODE_0000079	1	[]
0	156	1	WP_058951457.1	0	[]
0	157	3	NODE_0000080	1	[]
0	158	1	AGW16416.1	0	[]
0	159	3	NODE_0000081	1	[]
0	160	1	AGW16415.1	0	[]
0	161	3	NODE_0000082	2	[]
0	162	3	NODE_0000083	1	[]
0	163	1	WP_140423312.1	0	[]
0	164	1	WP_140423313.1	0	[]
0	165	3	NODE_0000084	2	[]
0	166	3	NODE_0000085	2	[]
0	167	3	NODE_0000086	1	[]
0	168	1	WP_063454569.1	0	[]
0	169	1	WP_140423317.1	0	[]
0	170	3	NODE_0000087	1	[]
0	171	1	WP_114699274.1	0	[]
0	172	3	NODE_0000088	1	[]
0	173	1	AEV91551.1	0	[]
0	174	1	WP_240067726.1	0	[]
0	175	3	NODE_0000089	1	[]
0	176	1	ENV74419.1	0	[]
0	177	3	NODE_0000090	2	[]
0	178	3	NODE_0000091	1	[]
0	179	1	AEV91550.1	0	[]
0	180	3	NODE_0000092	1	[]
0	181	1	CCW28916.1	0	[]
0	182	1	ENU38533.1	0	[]
0	183	3	NODE_0000093	1	[]
0	184	1	CDM87362.1	0	[]
0	185	3	NODE_0000094	1	[]
0	186	1	WP_140423314.1	0	[]
0	187	1	WP_058870660.1	0	[]
0	188	3	NODE_0000095	1	[]
0	189	1	WP_099337823.1	0	[]
0	190	3	NODE_0000096	2	[]
0	191	3	NODE_0000097	1	[]
0	192	1	AHA11125.1	0	[]
0	193	3	NODE_0000098	1	[]
0	194	1	ENX26326.1	0	[]
0	195	1	WP_039902635.1	0	[]
0	196	3	NODE_0000099	2	[]
0	197	3	NODE_0000100	1	[]
0	198	1	WP_140423316.1	0	[]
0	199	3	NODE_0000101	1	[]
0	200	1	AGI65307.1	0	[]
0	201	3	NODE_0000102	2	[]
0	202	3	NODE_0000103	1	[]
0	203	1	ENV13583.1	0	[]
0	204	1	ENV45890.1	0	[]
0	205	3	NODE_0000104	1	[]
0	206	1	AGZ83156.1	0	[]
0	207	3	NODE_0000105	1	[]
0	208	1	WP_231869616.1	0	[]
0	209	3	NODE_0000106	1	[]
0	210	1	WP_070064536.1	0	[]
0	211	3	NODE_0000107	1	[]
0	212	1	AFH36331.1	0	[]
0	213	3	NODE_0000108	1	[]
0	214	1	AFH36332.1	0	[]
0	215	1	AFH36330.1	0	[]
0	216	3	NODE_0000109	2	[]
0	217	3	NODE_0000110	1	[]
0	218	1	WP_163170629.1	0	[]
0	219	3	NODE_0000111	1	[]
0	220	1	AHA11126.1	0	[]
0	221	1	ENX16434.1	0	[]
0	222	3	NODE_0000112	1	[]
0	223	1	AHA11124.1	0	[]
0	224	3	NODE_0000113	1	[]
0	225	1	WP_064483990.1	0	[]
0	226	3	NODE_0000114	1	[]
0	227	1	WP_168370988.1	0	[]
0	228	3	NODE_0000115	2	[]
0	229	3	NODE_0000116	1	[]
0	230	1	EKE23052.1	0	[]
0	231	1	ENU15301.1	0	[]
0	232	3	NODE_0000117	1	[]
0	233	1	ADM47435.1	0	[]
0	234	3	NODE_0000118	1	[]
0	235	1	AGW16417.1	0	[]
0	236	1	WP_140423315.1	0	[]
0	237	3	NODE_0000119	3	[]
0	238	3	NODE_0000120	3	[]
0	239	3	NODE_0000121	2	[]
0	240	3	NODE_0000122	1	[]
0	241	1	AIT76118.1	0	[]
0	242	3	NODE_0000123	1	[]
0	243	1	ADK34116.1	0	[]
0	244	3	NODE_0000124	1	[]
0	245	1	BAP28835.1	0	[]
0	246	3	NODE_0000125	1	[]
0	247	1	ACC58995.1	0	[]
0	248	3	NODE_0000126	1	[]
0	249	1	ABO33299.1	0	[]
0	250	3	NODE_0000127	1	[]
0	251	1	ABF47919.1	0	[]
0	252	1	WP_063864184.1	0	[]
0	253	3	NODE_0000128	3	[]
0	254	3	NODE_0000129	2	[]
0	255	3	NODE_0000130	1	[]
0	256	1	EOR02560.1	0	[]
0	257	1	WP_104442312.1	0	[]
0	258	3	NODE_0000131	1	[]
0	259	1	WP_231869624.1	0	[]
0	260	3	NODE_0000132	1	[]
0	261	1	ENV32314.1	0	[]
0	262	1	WP_231869606.1	0	[]
0	263	3	NODE_0000133	2	[]
0	264	3	NODE_0000134	1	[]
0	265	1	ENU21024.1	0	[]
0	266	1	WP_092689909.1	0	[]
0	267	3	NODE_0000135	2	[]
0	268	3	NODE_0000136	1	[]
0	269	1	WP_114272532.1	0	[]
0	270	1	WP_116786835.1	0	[]
0	271	3	NODE_0000137	3	[]
0	272	3	NODE_0000138	2	[]
0	273	3	NODE_0000139	1	[]
0	274	1	ENV18923.1	0	[]
0	275	1	WP_096735335.1	0	[]
0	276	3	NODE_0000140	1	[]
0	277	1	KEC85091.1	0	[]
0	278	3	NODE_0000141	1	[]
0	279	1	EPH38243.1	0	[]
0	280	3	NODE_0000142	1	[]
0	281	1	WP_056517622.1	0	[]
0	282	1	WP_256875622.1	0	[]
0	283	3	NODE_0000143	2	[]
0	284	3	NODE_0000144	1	[]
0	285	1	WP_151781119.1	0	[]
0	286	3	NODE_0000145	1	[]
0	287	1	AFM55000.1	0	[]
0	288	3	NODE_0000146	1	[]
0	289	1	WP_190259776.1	0	[]
0	290	3	NODE_0000147	1	[]
0	291	1	AFM55001.1	0	[]
0	292	1	ENV90372.1	0	[]
0	293	3	NODE_0000148	1	[]
0	294	1	AIN56719.1	0	[]
0	295	3	NODE_0000149	2	[]
0	296	3	NODE_0000150	1	[]
0	297	1	WP_049044515.1	0	[]
0	298	3	NODE_0000151	1	[]
0	299	1	AGW83454.1	0	[]
0	300	3	NODE_0000152	1	[]
0	301	1	WP_100886243.1	0	[]
0	302	3	NODE_0000153	1	[]
0	303	1	AFM55002.1	0	[]
0	304	1	ENV20093.1	0	[]
0	305	3	NODE_0000154	1	[]
0	306	1	AGW83453.1	0	[]
0	307	3	NODE_0000155	1	[]
0	308	1	WP_231869608.1	0	[]
0	309	3	NODE_0000156	1	[]
0	310	1	WP_256875607.1	0	[]
0	311	3	NODE_0000157	1	[]
0	312	1	AGK07370.1	0	[]
0	313	3	NODE_0000158	1	[]
0	314	1	WP_213994598.1	0	[]
0	315	1	WP_042088348.1	0	[]
0	316	3	NODE_0000159	2	[]
0	317	3	NODE_0000160	1	[]
0	318	1	ENV38192.1	0	[]
0	319	1	WP_114699273.1	0	[]
0	320	3	NODE_0000161	3	[]
0	321	3	NODE_0000162	2	[]
0	322	3	NODE_0000163	1	[]
0	323	1	ENU35234.1	0	[]
0	324	3	NODE_0000164	1	[]
0	325	1	WP_081400730.1	0	[]
0	326	3	NODE_0000165	1	[]
0	327	1	ENU29139.1	0	[]
0	328	1	WP_081398973.1	0	[]
0	329	3	NODE_0000166	2	[]
0	330	3	NODE_0000167	1	[]
0	331	1	AEV91554.1	0	[]
0	332	1	WP_150823476.1	0	[]
0	333	3	NODE_0000168	1	[]
0	334	1	ENW20318.1	0	[]
0	335	3	NODE_0000169	1	[]
0	336	1	AEV91553.1	0	[]
0	337	3	NODE_0000170	1	[]
0	338	1	RFX69805.1	0	[]
0	339	1	WP_104009853.1	0	[]
0	340	3	NODE_0000171	2	[]
0	341	3	NODE_0000172	2	[]
0	342	3	NODE_0000173	1	[]
0	343	1	WP_231869618.1	0	[]
0	344	3	NODE_0000174	1	[]
0	345	1	WP_231869607.1	0	[]
0	346	3	NODE_0000175	1	[]
0	347	1	ENU93232.1	0	[]
0	348	3	NODE_0000176	1	[]
0	349	1	WP_231869622.1	0	[]
0	350	3	NODE_0000177	1	[]
0	351	1	ENX19403.1	0	[]
0	352	1	WP_231869619.1	0	[]
0	353	3	NODE_0000178	2	[]
0	354	3	NODE_0000179	1	[]
0	355	1	WP_231869620.1	0	[]
0	356	1	WP_231869628.1	0	[]
0	357	3	NODE_0000180	1	[]
0	358	1	WP_231869621.1	0	[]
0	359	3	NODE_0000181	2	[]
0	360	3	NODE_0000182	1	[]
0	361	1	ENX09209.1	0	[]
0	362	1	WP_231869623.1	0	[]
0	363	3	NODE_0000183	1	[]
0	364	1	ENX40034.1	0	[]
0	365	1	WP_231869609.1	0	[]
0	366	3	NODE_0000184	1	[]
0	367	1	ENX38336.1	0	[]
0	368	3	NODE_0000185	2	[]
0	369	3	NODE_0000186	1	[]
0	370	1	WP_032877719.1	0	[]
0	371	3	NODE_0000187	1	[]
0	372	1	ENW94121.1	0	[]
0	373	1	ENX53612.1	0	[]
0	374	3	NODE_0000188	1	[]
0	375	1	ENX60508.1	0	[]
0	376	3	NODE_0000189	2	[]
0	377	3	NODE_0000190	2	[]
0	378	3	NODE_0000191	1	[]
0	379	1	ENU21708.1	0	[]
0	380	1	WP_016162389.1	0	[]
0	381	3	NODE_0000192	1	[]
0	382	1	WP_023271137.1	0	[]
0	383	1	WP_081401608.1	0	[]
0	384	3	NODE_0000193	1	[]
0	385	1	WP_081406929.1	0	[]
0	386	3	NODE_0000194	2	[]
0	387	3	NODE_0000195	1	[]
0	388	1	WP_032865068.1	0	[]
0	389	1	ENX56371.1	0	[]
0	390	3	NODE_0000196	1	[]
0	391	1	ENX18112.1	0	[]
0	392	3	NODE_0000197	1	[]
0	393	1	WP_032879257.1	0	[]
0	394	1	WP_016651348.1	0	[]
0	395	3	NODE_0000198	2	[]
0	396	3	NODE_0000199	1	[]
0	397	1	WP_031694184.1	0	[]
0	398	3	NODE_0000200	1	[]
0	399	1	WP_003161096.1	0	[]
0	400	3	NODE_0000201	2	[]
0	401	3	NODE_0000202	1	[]
0	402	1	WP_223146972.1	0	[]
0	403	3	NODE_0000203	2	[]
0	404	3	NODE_0000204	1	[]
0	405	1	WP_023132404.1	0	[]
0	406	1	WP_256875615.1	0	[]
0	407	3	NODE_0000205	2	[]
0	408	3	NODE_0000206	1	[]
0	409	1	WP_196658681.1	0	[]
0	410	1	WP_256875617.1	0	[]
0	411	3	NODE_0000207	1	[]
0	412	1	WP_256875614.1	0	[]
0	413	1	WP_256875616.1	0	[]
0	414	3	NODE_0000208	2	[]
0	415	3	NODE_0000209	1	[]
0	416	1	KSG40284.1	0	[]
0	417	1	QIC04089.1	0	[]
0	418	3	NODE_0000210	2	[]
0	419	3	NODE_0000211	1	[]
0	420	1	WP_031757092.1	0	[]
0	421	3	NODE_0000212	1	[]
0	422	1	TKV86805.1	0	[]
0	423	3	NODE_0000213	1	[]
0	424	1	WP_019485147.1	0	[]
0	425	1	WP_031691948.1	0	[]
0	426	3	NODE_0000214	1	[]
0	427	1	WP_014603442.1	0	[]
0	428	3	NODE_0000215	1	[]
0	429	1	WP_223146973.1	0	[]
0	430	3	NODE_0000216	2	[]
0	431	3	NODE_0000217	1	[]
0	432	1	QEJ80883.1	0	[]
0	433	1	WP_150823477.1	0	[]
0	434	3	NODE_0000218	1	[]
0	435	1	WP_164461292.1	0	[]
0	436	3	NODE_0000219	1	[]
0	437	1	WP_015649877.1	0	[]
0	438	1	WP_024916334.1	0	[]
0	439	3	NODE_0000220	2	[]
0	440	3	NODE_0000221	1	[]
0	441	1	WP_242934120.1	0	[]
0	442	1	WP_032835180.1	0	[]
0	443	3	NODE_0000222	2	[]
0	444	3	NODE_0000223	2	[]
0	445	3	NODE_0000224	3	[]
0	446	3	NODE_0000225	2	[]
0	447	3	NODE_0000226	1	[]
0	448	1	WP_075071939.1	0	[]
0	449	1	WP_219860714.1	0	[]
0	450	3	NODE_0000227	1	[]
0	451	1	WP_094865115.1	0	[]
0	452	1	WP_219860728.1	0	[]
0	453	3	NODE_0000228	2	[]
0	454	3	NODE_0000229	1	[]
0	455	1	WP_012045014.1	0	[]
0	456	3	NODE_0000230	1	[]
0	457	1	WP_240067727.1	0	[]
0	458	3	NODE_0000231	1	[]
0	459	1	WP_219860727.1	0	[]
0	460	1	WP_240067732.1	0	[]
0	461	3	NODE_0000232	2	[]
0	462	3	NODE_0000233	1	[]
0	463	1	WP_231869643.1	0	[]
0	464	3	NODE_0000234	1	[]
0	465	1	WP_231869591.1	0	[]
0	466	3	NODE_0000235	1	[]
0	467	1	WP_231869592.1	0	[]
0	468	1	WP_240067733.1	0	[]
0	469	3	NODE_0000236	1	[]
0	470	1	WP_213994604.1	0	[]
0	471	3	NODE_0000237	1	[]
0	472	1	WP_213994603.1	0	[]
0	473	3	NODE_0000238	1	[]
0	474	1	WP_025889747.1	0	[]
0	475	3	NODE_0000239	1	[]
0	476	1	WP_052248074.1	0	[]
0	477	3	NODE_0000240	1	[]
0	478	1	WP_213994601.1	0	[]
0	479	1	WP_213994602.1	0	[]
0	480	3	NODE_0000241	1	[]
0	481	1	WP_219860730.1	0	[]
0	482	3	NODE_0000242	2	[]
0	483	3	NODE_0000243	1	[]
0	484	1	ACT09125.1	0	[]
0	485	3	NODE_0000244	1	[]
0	486	1	QEJ74001.1	0	[]
0	487	1	CAQ77073.1	0	[]
0	488	3	NODE_0000245	2	[]
0	489	3	NODE_0000246	1	[]
0	490	1	ACM67635.1	0	[]
0	491	1	WP_122630881.1	0	[]
0	492	3	NODE_0000247	1	[]
0	493	1	AAB59082.1	0	[]
0	494	3	NODE_0000248	2	[]
0	495	3	NODE_0000249	1	[]
0	496	1	AAK58418.1	0	[]
0	497	3	NODE_0000250	1	[]
0	498	1	AAK15582.1	0	[]
0	499	1	OPD39435.1	0	[]
0	500	3	NODE_0000251	2	[]
0	501	3	NODE_0000252	1	[]
0	502	1	AEE61368.1	0	[]
0	503	1	WP_071593233.1	0	[]
0	504	3	NODE_0000253	2	[]
0	505	3	NODE_0000254	1	[]
0	506	1	AHN60085.1	0	[]
0	507	3	NODE_0000255	1	[]
0	508	1	ABQ15112.1	0	[]
0	509	1	AIG94927.1	0	[]
0	510	3	NODE_0000256	2	[]
0	511	3	NODE_0000257	1	[]
0	512	1	OPD39420.1	0	[]
0	513	1	WP_122630856.1	0	[]
0	514	3	NODE_0000258	2	[]
0	515	3	NODE_0000259	1	[]
0	516	1	AAG24866.1	0	[]
0	517	1	WP_240067729.1	0	[]
0	518	3	NODE_0000260	1	[]
0	519	1	AAB05874.1	0	[]
0	520	3	NODE_0000261	1	[]
0	521	1	WP_211816370.1	0	[]
0	522	1	WP_256875618.1	0	[]
0	523	3	NODE_0000262	1	[]
0	524	1	WP_051601260.1	0	[]
0	525	3	NODE_0000263	2	[]
0	526	3	NODE_0000264	2	[]
0	527	3	NODE_0000265	1	[]
0	528	1	WP_179284339.1	0	[]
0	529	3	NODE_0000266	1	[]
0	530	1	AAN41430.1	0	[]
0	531	3	NODE_0000267	1	[]
0	532	1	AAP69225.1	0	[]
0	533	1	WP_122630857.1	0	[]
0	534	3	NODE_0000268	2	[]
0	535	3	NODE_0000269	1	[]
0	536	1	WP_110612827.1	0	[]
0	537	3	NODE_0000270	1	[]
0	538	1	AEQ73521.1	0	[]
0	539	3	NODE_0000271	1	[]
0	540	1	AET05998.1	0	[]
0	541	3	NODE_0000272	1	[]
0	542	1	AAK52604.1	0	[]
0	543	1	AAG23871.1	0	[]
0	544	3	NODE_0000273	2	[]
0	545	3	NODE_0000274	1	[]
0	546	1	AFB82783.1	0	[]
0	547	1	WP_231869587.1	0	[]
0	548	3	NODE_0000275	1	[]
0	549	1	WP_069280711.1	0	[]
0	550	3	NODE_0000276	1	[]
0	551	1	AGR55864.1	0	[]
0	552	1	ALL27283.1	0	[]
0	553	3	NODE_0000277	1	[]
0	554	1	CAC35728.1	0	[]
0	555	3	NODE_0000278	2	[]
0	556	3	NODE_0000279	1	[]
0	557	1	WP_152315468.1	0	[]
0	558	3	NODE_0000280	2	[]
0	559	3	NODE_0000281	2	[]
0	560	3	NODE_0000282	1	[]
0	561	1	WP_058052637.1	0	[]
0	562	3	NODE_0000283	1	[]
0	563	1	AAA83417.1	0	[]
0	564	1	WP_040068451.1	0	[]
0	565	3	NODE_0000284	1	[]
0	566	1	WP_213994597.1	0	[]
0	567	3	NODE_0000285	1	[]
0	568	1	CAB76928.1	0	[]
0	569	1	WP_101150415.1	0	[]
0	570	3	NODE_0000286	1	[]
0	571	1	WP_021139936.1	0	[]
0	572	3	NODE_0000287	2	[]
0	573	3	NODE_0000288	1	[]
0	574	1	ARO85965.1	0	[]
0	575	1	WP_161507793.1	0	[]
0	576	3	NODE_0000289	1	[]
0	577	1	WP_231869649.1	0	[]
0	578	3	NODE_0000290	1	[]
0	579	1	WP_063864115.1	0	[]
0	580	1	WP_049637206.1	0	[]
0	581	3	NODE_0000291	2	[]
0	582	3	NODE_0000292	1	[]
0	583	1	WP_007879679.1	0	[]
0	584	3	NODE_0000293	2	[]
0	585	3	NODE_0000294	1	[]
0	586	1	CAD58780.1	0	[]
0	587	1	AAB58555.1	0	[]
0	588	3	NODE_0000295	1	[]
0	589	1	AAA98406.1	0	[]
0	590	1	WP_156404658.1	0	[]
0	591	3	NODE_0000296	2	[]
0	592	3	NODE_0000297	1	[]
0	593	1	WP_114268491.1	0	[]
0	594	3	NODE_0000298	1	[]
0	595	1	WP_077021671.1	0	[]
0	596	3	NODE_0000299	2	[]
0	597	3	NODE_0000300	1	[]
0	598	1	CAD32564.1	0	[]
0	599	3	NODE_0000301	1	[]
0	600	1	CAF74882.1	0	[]
0	601	3	NODE_0000302	1	[]
0	602	1	CAD32565.1	0	[]
0	603	1	CAG15145.1	0	[]
0	604	3	NODE_0000303	2	[]
0	605	3	NODE_0000304	1	[]
0	606	1	PLT17746.1	0	[]
0	607	1	WP_102607464.1	0	[]
0	608	3	NODE_0000305	2	[]
0	609	3	NODE_0000306	1	[]
0	610	1	AAD12233.1	0	[]
0	611	1	QHT72949.1	0	[]
0	612	3	NODE_0000307	1	[]
0	613	1	WP_102607461.1	0	[]
0	614	1	WP_064808581.1	0	[]
0	615	3	NODE_0000308	3	[]
0	616	3	NODE_0000309	2	[]
0	617	3	NODE_0000310	1	[]
0	618	1	ALC76101.1	0	[]
0	619	3	NODE_0000311	1	[]
0	620	1	ALC76100.1	0	[]
0	621	3	NODE_0000312	1	[]
0	622	1	AFQ90085.1	0	[]
0	623	1	ALC76098.1	0	[]
0	624	3	NODE_0000313	2	[]
0	625	3	NODE_0000314	1	[]
0	626	1	ALC76097.1	0	[]
0	627	1	WP_063864194.1	0	[]
0	628	3	NODE_0000315	1	[]
0	629	1	WP_136512083.1	0	[]
0	630	3	NODE_0000316	1	[]
0	631	1	AFR53898.2	0	[]
0	632	1	WP_054500785.1	0	[]
0	633	3	NODE_0000317	2	[]
0	634	3	NODE_0000318	1	[]
0	635	1	CCE73593.2	0	[]
0	636	1	WP_100507493.1	0	[]
0	637	3	NODE_0000319	2	[]
0	638	3	NODE_0000320	1	[]
0	639	1	WP_054517040.1	0	[]
0	640	3	NODE_0000321	1	[]
0	641	1	WP_136512076.1	0	[]
0	642	3	NODE_0000322	1	[]
0	643	1	ABX38721.1	0	[]
0	644	3	NODE_0000323	1	[]
0	645	1	WP_136512082.1	0	[]
0	646	3	NODE_0000324	1	[]
0	647	1	WP_006384924.1	0	[]
0	648	3	NODE_0000325	1	[]
0	649	1	WP_063860980.1	0	[]
0	650	1	WP_136512080.1	0	[]
0	651	3	NODE_0000326	2	[]
0	652	3	NODE_0000327	1	[]
0	653	1	WP_054448427.1	0	[]
0	654	1	WP_136512075.1	0	[]
0	655	3	NODE_0000328	1	[]
0	656	1	WP_024069684.1	0	[]
0	657	3	NODE_0000329	3	[]
0	658	3	NODE_0000330	2	[]
0	659	3	NODE_0000331	1	[]
0	660	1	WP_049058560.1	0	[]
0	661	1	WP_150823471.1	0	[]
0	662	3	NODE_0000332	1	[]
0	663	1	WP_053498400.1	0	[]
0	664	3	NODE_0000333	1	[]
0	665	1	WP_136512077.1	0	[]
0	666	1	WP_213994595.1	0	[]
0	667	3	NODE_0000334	2	[]
0	668	3	NODE_0000335	1	[]
0	669	1	WP_054437016.1	0	[]
0	670	1	WP_136512074.1	0	[]
0	671	3	NODE_0000336	2	[]
0	672	3	NODE_0000337	1	[]
0	673	1	WP_076412384.1	0	[]
0	674	1	WP_136512079.1	0	[]
0	675	3	NODE_0000338	1	[]
0	676	1	WP_054471662.1	0	[]
0	677	3	NODE_0000339	1	[]
0	678	1	WP_136512078.1	0	[]
0	679	3	NODE_0000340	1	[]
0	680	1	WP_136512073.1	0	[]
0	681	3	NODE_0000341	1	[]
0	682	1	WP_026382828.1	0	[]
0	683	3	NODE_0000342	1	[]
0	684	1	WP_063861000.1	0	[]
0	685	3	NODE_0000343	1	[]
0	686	1	WP_136512081.1	0	[]
0	687	1	WP_213994596.1	0	[]
0	688	3	NODE_0000344	2	[]
0	689	3	NODE_0000345	3	[]
0	690	3	NODE_0000346	2	[]
0	691	3	NODE_0000347	1	[]
0	692	1	ENX45276.1	0	[]
0	693	3	NODE_0000348	2	[]
0	694	3	NODE_0000349	1	[]
0	695	1	ENV02983.1	0	[]
0	696	1	WP_136512096.1	0	[]
0	697	3	NODE_0000350	1	[]
0	698	1	WP_231869627.1	0	[]
0	699	1	WP_231869630.1	0	[]
0	700	3	NODE_0000351	2	[]
0	701	3	NODE_0000352	1	[]
0	702	1	AGZ83155.1	0	[]
0	703	3	NODE_0000353	1	[]
0	704	1	WP_150823475.1	0	[]
0	705	3	NODE_0000354	1	[]
0	706	1	WP_133973918.1	0	[]
0	707	1	WP_240067730.1	0	[]
0	708	3	NODE_0000355	2	[]
0	709	3	NODE_0000356	1	[]
0	710	1	AGW16407.1	0	[]
0	711	3	NODE_0000357	1	[]
0	712	1	AGW83450.1	0	[]
0	713	3	NODE_0000358	1	[]
0	714	1	AGW16411.1	0	[]
0	715	1	AGW83452.1	0	[]
0	716	3	NODE_0000359	2	[]
0	717	3	NODE_0000360	2	[]
0	718	3	NODE_0000361	1	[]
0	719	1	AGZ83153.1	0	[]
0	720	1	AGW16408.1	0	[]
0	721	3	NODE_0000362	1	[]
0	722	1	AEV91552.1	0	[]
0	723	3	NODE_0000363	2	[]
0	724	3	NODE_0000364	1	[]
0	725	1	AGW16412.1	0	[]
0	726	1	AGW83451.1	0	[]
0	727	3	NODE_0000365	1	[]
0	728	1	AGW16413.1	0	[]
0	729	3	NODE_0000366	1	[]
0	730	1	AGW83446.1	0	[]
0	731	1	AGW83449.1	0	[]
0	732	3	NODE_0000367	1	[]
0	733	1	AGW16410.1	0	[]
0	734	3	NODE_0000368	2	[]
0	735	3	NODE_0000369	1	[]
0	736	1	AGW83448.1	0	[]
0	737	3	NODE_0000370	1	[]
0	738	1	AGW16406.1	0	[]
0	739	1	ENU09033.1	0	[]
0	740	3	NODE_0000371	1	[]
0	741	1	AGW16414.1	0	[]
0	742	3	NODE_0000372	1	[]
0	743	1	AGW16405.1	0	[]
0	744	3	NODE_0000373	2	[]
0	745	3	NODE_0000374	1	[]
0	746	1	AGW16409.1	0	[]
0	747	3	NODE_0000375	1	[]
0	748	1	AGZ83154.1	0	[]
0	749	1	WP_231869612.1	0	[]
0	750	3	NODE_0000376	1	[]
0	751	1	AGW16404.1	0	[]
0	752	3	NODE_0000377	1	[]
0	753	1	ENV93423.1	0	[]
0	754	3	NODE_0000378	1	[]
0	755	1	WP_231869632.1	0	[]
0	756	3	NODE_0000379	1	[]
0	757	1	AGW83447.1	0	[]
0	758	1	WP_231869615.1	0	[]
0	759	3	NODE_0000380	2	[]
0	760	3	NODE_0000381	2	[]
0	761	3	NODE_0000382	1	[]
0	762	1	EOQ72432.1	0	[]
0	763	3	NODE_0000383	1	[]
0	764	1	WP_087088911.1	0	[]
0	765	1	WP_231869633.1	0	[]
0	766	3	NODE_0000384	2	[]
0	767	3	NODE_0000385	1	[]
0	768	1	WP_231869610.1	0	[]
0	769	3	NODE_0000386	1	[]
0	770	1	WP_136512093.1	0	[]
0	771	3	NODE_0000387	1	[]
0	772	1	WP_136512092.1	0	[]
0	773	1	WP_032053762.1	0	[]
0	774	3	NODE_0000388	1	[]
0	775	1	WP_122630860.1	0	[]
0	776	3	NODE_0000389	2	[]
0	777	3	NODE_0000390	1	[]
0	778	1	WP_150823473.1	0	[]
0	779	3	NODE_0000391	1	[]
0	780	1	WP_231869605.1	0	[]
0	781	1	WP_231869614.1	0	[]
0	782	3	NODE_0000392	1	[]
0	783	1	WP_231869631.1	0	[]
0	784	3	NODE_0000393	1	[]
0	785	1	WP_256875619.1	0	[]
0	786	3	NODE_0000394	1	[]
0	787	1	EOQ69512.1	0	[]
0	788	1	WP_150823474.1	0	[]
0	789	3	NODE_0000395	1	[]
0	790	1	WP_063864113.1	0	[]
0	791	3	NODE_0000396	2	[]
0	792	3	NODE_0000397	1	[]
0	793	1	WP_086398931.1	0	[]
0	794	3	NODE_0000398	2	[]
0	795	3	NODE_0000399	1	[]
0	796	1	AIZ00987.1	0	[]
0	797	3	NODE_0000400	1	[]
0	798	1	WP_086264536.1	0	[]
0	799	1	WP_231869617.1	0	[]
0	800	3	NODE_0000401	1	[]
0	801	1	WP_085562417.1	0	[]
0	802	3	NODE_0000402	1	[]
0	803	1	WP_231869626.1	0	[]
0	804	3	NODE_0000403	1	[]
0	805	1	WP_081174195.1	0	[]
0	806	3	NODE_0000404	1	[]
0	807	1	ENW12288.1	0	[]
0	808	1	WP_122630923.1	0	[]
0	809	3	NODE_0000405	1	[]
0	810	1	WP_086395021.1	0	[]
0	811	3	NODE_0000406	2	[]
0	812	3	NODE_0000407	1	[]
0	813	1	WP_002121386.1	0	[]
0	814	3	NODE_0000408	1	[]
0	815	1	WP_150823472.1	0	[]
0	816	1	WP_256875620.1	0	[]
0	817	3	NODE_0000409	1	[]
0	818	1	WP_122630924.1	0	[]
0	819	3	NODE_0000410	1	[]
0	820	1	WP_140423319.1	0	[]
0	821	3	NODE_0000411	1	[]
0	822	1	WP_032057042.1	0	[]
0	823	3	NODE_0000412	2	[]
0	824	3	NODE_0000413	1	[]
0	825	1	WP_068611377.1	0	[]
0	826	1	WP_136512094.1	0	[]
0	827	3	NODE_0000414	1	[]
0	828	1	WP_068981641.1	0	[]
0	829	3	NODE_0000415	1	[]
0	830	1	WP_231869604.1	0	[]
0	831	3	NODE_0000416	2	[]
0	832	3	NODE_0000417	1	[]
0	833	1	WP_231869611.1	0	[]
0	834	3	NODE_0000418	1	[]
0	835	1	WP_014206564.1	0	[]
0	836	3	NODE_0000419	2	[]
0	837	3	NODE_0000420	1	[]
0	838	1	WP_078225401.1	0	[]
0	839	1	WP_231869625.1	0	[]
0	840	3	NODE_0000421	1	[]
0	841	1	WP_136512095.1	0	[]
0	842	3	NODE_0000422	1	[]
0	843	1	ENW16915.1	0	[]
0	844	1	WP_231869613.1	0	[]
0	845	3	NODE_0000423	2	[]
0	846	3	NODE_0000424	1	[]
0	847	1	WP_032003497.1	0	[]
0	848	3	NODE_0000425	1	[]
0	849	1	WP_085562418.1	0	[]
0	850	1	WP_057061999.1	0	[]
0	851	3	NODE_0000426	1	[]
0	852	1	WP_068981637.1	0	[]
0	853	3	NODE_0000427	1	[]
0	854	1	WP_032007272.1	0	[]
0	855	3	NODE_0000428	1	[]
0	856	1	AIU44173.1	0	[]
0	857	1	WP_063864114.1	0	[]
0	858	3	NODE_0000429	1	[]
0	859	1	WP_231869601.1	0	[]
0	860	3	NODE_0000430	2	[]
0	861	3	NODE_0000431	2	[]
0	862	3	NODE_0000432	1	[]
0	863	1	WP_122630854.1	0	[]
0	864	1	WP_152315472.1	0	[]
0	865	3	NODE_0000433	1	[]
0	866	1	AJG01375.1	0	[]
0	867	3	NODE_0000434	1	[]
0	868	1	WP_122630915.1	0	[]
0	869	3	NODE_0000435	1	[]
0	870	1	WP_231869599.1	0	[]
0	871	3	NODE_0000436	1	[]
0	872	1	WP_031998610.1	0	[]
0	873	1	WP_152315501.1	0	[]
0	874	3	NODE_0000437	1	[]
0	875	1	AHN07462.1	0	[]
0	876	3	NODE_0000438	2	[]
0	877	3	NODE_0000439	1	[]
0	878	1	WP_128268267.1	0	[]
0	879	3	NODE_0000440	1	[]
0	880	1	AHL30285.1	0	[]
0	881	3	NODE_0000441	2	[]
0	882	3	NODE_0000442	1	[]
0	883	1	WP_152315473.1	0	[]
0	884	3	NODE_0000443	1	[]
0	885	1	WP_068981646.1	0	[]
0	886	3	NODE_0000444	2	[]
0	887	3	NODE_0000445	1	[]
0	888	1	WP_122630898.1	0	[]
0	889	1	WP_086261538.1	0	[]
0	890	3	NODE_0000446	1	[]
0	891	1	WP_152315492.1	0	[]
0	892	3	NODE_0000447	2	[]
0	893	3	NODE_0000448	1	[]
0	894	1	WP_068981644.1	0	[]
0	895	3	NODE_0000449	1	[]
0	896	1	CAJ77817.2	0	[]
0	897	3	NODE_0000450	1	[]
0	898	1	WP_152315487.1	0	[]
0	899	1	WP_086442870.1	0	[]
0	900	3	NODE_0000451	1	[]
0	901	1	ABF50983.1	0	[]
0	902	3	NODE_0000452	1	[]
0	903	1	WP_152315488.1	0	[]
0	904	3	NODE_0000453	1	[]
0	905	1	WP_128268243.1	0	[]
0	906	3	NODE_0000454	1	[]
0	907	1	ABC84263.1	0	[]
0	908	1	AAZ78361.1	0	[]
0	909	3	NODE_0000455	1	[]
0	910	1	WP_242934107.1	0	[]
0	911	3	NODE_0000456	1	[]
0	912	1	WP_242934099.1	0	[]
0	913	3	NODE_0000457	2	[]
0	914	3	NODE_0000458	1	[]
0	915	1	WP_242934095.1	0	[]
0	916	3	NODE_0000459	1	[]
0	917	1	WP_242934108.1	0	[]
0	918	1	WP_242934110.1	0	[]
0	919	3	NODE_0000460	1	[]
0	920	1	WP_242934109.1	0	[]
0	921	3	NODE_0000461	3	[]
0	922	3	NODE_0000462	2	[]
0	923	3	NODE_0000463	1	[]
0	924	1	AAP69916.1	0	[]
0	925	3	NODE_0000464	2	[]
0	926	3	NODE_0000465	1	[]
0	927	1	WP_242934118.1	0	[]
0	928	3	NODE_0000466	1	[]
0	929	1	WP_242934117.1	0	[]
0	930	3	NODE_0000467	1	[]
0	931	1	WP_242934115.1	0	[]
0	932	3	NODE_0000468	1	[]
0	933	1	WP_242934116.1	0	[]
0	934	1	WP_242934119.1	0	[]
0	935	3	NODE_0000469	1	[]
0	936	1	ADZ54048.1	0	[]
0	937	3	NODE_0000470	1	[]
0	938	1	ALC79291.1	0	[]
0	939	3	NODE_0000471	1	[]
0	940	1	ALC79290.1	0	[]
0	941	3	NODE_0000472	2	[]
0	942	3	NODE_0000473	1	[]
0	943	1	AAU88145.1	0	[]
0	944	3	NODE_0000474	1	[]
0	945	1	ALC79286.1	0	[]
0	946	3	NODE_0000475	1	[]
0	947	1	ALC79288.1	0	[]
0	948	3	NODE_0000476	1	[]
0	949	1	ALC79292.1	0	[]
0	950	1	ALC79289.1	0	[]
0	951	3	NODE_0000477	1	[]
0	952	1	ABW76134.1	0	[]
0	953	3	NODE_0000478	1	[]
0	954	1	WP_242934114.1	0	[]
0	955	3	NODE_0000479	2	[]
0	956	3	NODE_0000480	1	[]
0	957	1	ALC79293.1	0	[]
0	958	1	ALC79287.1	0	[]
0	959	3	NODE_0000481	1	[]
0	960	1	ABW76138.1	0	[]
0	961	3	NODE_0000482	1	[]
0	962	1	ALC79294.1	0	[]
0	963	3	NODE_0000483	1	[]
0	964	1	ALC79285.1	0	[]
0	965	1	WP_242934113.1	0	[]
0	966	3	NODE_0000484	2	[]
0	967	3	NODE_0000485	1	[]
0	968	1	WP_012662081.1	0	[]
0	969	1	WP_063864216.1	0	[]
0	970	3	NODE_0000486	3	[]
0	971	3	NODE_0000487	2	[]
0	972	3	NODE_0000488	1	[]
0	973	1	AKI29912.1	0	[]
0	974	1	WP_109545079.1	0	[]
0	975	3	NODE_0000489	1	[]
0	976	1	WP_126205827.1	0	[]
0	977	3	NODE_0000490	1	[]
0	978	1	WP_052794776.1	0	[]
0	979	3	NODE_0000491	1	[]
0	980	1	WP_109545080.1	0	[]
0	981	3	NODE_0000492	1	[]
0	982	1	WP_109545081.1	0	[]
0	983	3	NODE_0000493	2	[]
0	984	3	NODE_0000494	1	[]
0	985	1	WP_109545083.1	0	[]
0	986	3	NODE_0000495	1	[]
0	987	1	AFO09969.1	0	[]
0	988	1	WP_109545086.1	0	[]
0	989	3	NODE_0000496	1	[]
0	990	1	AFO09968.1	0	[]
0	991	3	NODE_0000497	2	[]
0	992	3	NODE_0000498	1	[]
0	993	1	WP_057036510.1	0	[]
0	994	1	WP_109545084.1	0	[]
0	995	3	NODE_0000499	1	[]
0	996	1	AKI29913.1	0	[]
0	997	3	NODE_0000500	1	[]
0	998	1	WP_109545085.1	0	[]
0	999	1	WP_109545082.1	0	[]
0	1000	3	NODE_0000501	2	[]
0	1001	3	NODE_0000502	1	[]
0	1002	1	AKI29909.1	0	[]
0	1003	1	WP_002936877.1	0	[]
0	1004	3	NODE_0000503	2	[]
0	1005	3	NODE_0000504	1	[]
0	1006	1	AKI29910.1	0	[]
0	1007	3	NODE_0000505	1	[]
0	1008	1	WP_109545078.1	0	[]
0	1009	1	WP_109545077.1	0	[]
0	1010	3	NODE_0000506	2	[]
0	1011	3	NODE_0000507	1	[]
0	1012	1	WP_109545110.1	0	[]
0	1013	3	NODE_0000508	1	[]
0	1014	1	WP_070210118.1	0	[]
0	1015	3	NODE_0000509	1	[]
0	1016	1	WP_044779552.1	0	[]
0	1017	3	NODE_0000510	2	[]
0	1018	3	NODE_0000511	1	[]
0	1019	1	WP_053872444.1	0	[]
0	1020	1	WP_109545109.1	0	[]
0	1021	3	NODE_0000512	1	[]
0	1022	1	WP_052858477.1	0	[]
0	1023	3	NODE_0000513	1	[]
0	1024	1	AKI29907.1	0	[]
0	1025	3	NODE_0000514	2	[]
0	1026	3	NODE_0000515	1	[]
0	1027	1	WP_109545111.1	0	[]
0	1028	1	WP_070233680.1	0	[]
0	1029	3	NODE_0000516	1	[]
0	1030	1	WP_109545115.1	0	[]
0	1031	3	NODE_0000517	1	[]
0	1032	1	WP_109545116.1	0	[]
0	1033	3	NODE_0000518	1	[]
0	1034	1	WP_109545076.1	0	[]
0	1035	3	NODE_0000519	1	[]
0	1036	1	WP_109545075.1	0	[]
0	1037	3	NODE_0000520	1	[]
0	1038	1	AKI29908.1	0	[]
0	1039	3	NODE_0000521	1	[]
0	1040	1	WP_109545113.1	0	[]
0	1041	3	NODE_0000522	1	[]
0	1042	1	WP_109545114.1	0	[]
0	1043	3	NODE_0000523	1	[]
0	1044	1	WP_109545112.1	0	[]
0	1045	1	WP_088303859.1	0	[]
0	1046	3	NODE_0000524	1	[]
0	1047	1	WP_128268278.1	0	[]
0	1048	3	NODE_0000525	1	[]
0	1049	1	WP_087696200.1	0	[]
0	1050	3	NODE_0000526	1	[]
0	1051	1	WP_109545094.1	0	[]
0	1052	3	NODE_0000527	1	[]
0	1053	1	WP_109545096.1	0	[]
0	1054	3	NODE_0000528	1	[]
0	1055	1	WP_128268279.1	0	[]
0	1056	3	NODE_0000529	1	[]
0	1057	1	WP_109545091.1	0	[]
0	1058	3	NODE_0000530	2	[]
0	1059	3	NODE_0000531	1	[]
0	1060	1	WP_109545097.1	0	[]
0	1061	3	NODE_0000532	1	[]
0	1062	1	WP_002791310.1	0	[]
0	1063	1	WP_109545098.1	0	[]
0	1064	3	NODE_0000533	2	[]
0	1065	3	NODE_0000534	1	[]
0	1066	1	WP_109545087.1	0	[]
0	1067	3	NODE_0000535	1	[]
0	1068	1	WP_053921012.1	0	[]
0	1069	1	WP_109545106.1	0	[]
0	1070	3	NODE_0000536	1	[]
0	1071	1	WP_109545090.1	0	[]
0	1072	3	NODE_0000537	1	[]
0	1073	1	WP_002824679.1	0	[]
0	1074	3	NODE_0000538	2	[]
0	1075	3	NODE_0000539	1	[]
0	1076	1	AKI29914.1	0	[]
0	1077	1	WP_065980086.1	0	[]
0	1078	3	NODE_0000540	1	[]
0	1079	1	WP_109545088.1	0	[]
0	1080	3	NODE_0000541	2	[]
0	1081	3	NODE_0000542	1	[]
0	1082	1	WP_114699276.1	0	[]
0	1083	3	NODE_0000543	1	[]
0	1084	1	WP_002889704.1	0	[]
0	1085	3	NODE_0000544	1	[]
0	1086	1	WP_109545093.1	0	[]
0	1087	1	WP_114699279.1	0	[]
0	1088	3	NODE_0000545	1	[]
0	1089	1	WP_109545092.1	0	[]
0	1090	3	NODE_0000546	1	[]
0	1091	1	AKI29916.1	0	[]
0	1092	3	NODE_0000547	1	[]
0	1093	1	AKI29921.1	0	[]
0	1094	3	NODE_0000548	2	[]
0	1095	3	NODE_0000549	1	[]
0	1096	1	WP_052788483.1	0	[]
0	1097	1	WP_109545100.1	0	[]
0	1098	3	NODE_0000550	1	[]
0	1099	1	WP_109545103.1	0	[]
0	1100	3	NODE_0000551	2	[]
0	1101	3	NODE_0000552	1	[]
0	1102	1	WP_002783228.1	0	[]
0	1103	1	WP_109545099.1	0	[]
0	1104	3	NODE_0000553	2	[]
0	1105	3	NODE_0000554	1	[]
0	1106	1	WP_044600959.1	0	[]
0	1107	1	WP_052803794.1	0	[]
0	1108	3	NODE_0000555	1	[]
0	1109	1	WP_109545101.1	0	[]
0	1110	3	NODE_0000556	1	[]
0	1111	1	WP_109545107.1	0	[]
0	1112	3	NODE_0000557	1	[]
0	1113	1	WP_052800105.1	0	[]
0	1114	3	NODE_0000558	1	[]
0	1115	1	AKI29917.1	0	[]
0	1116	3	NODE_0000559	1	[]
0	1117	1	WP_002837769.1	0	[]
0	1118	3	NODE_0000560	1	[]
0	1119	1	WP_109545089.1	0	[]
0	1120	3	NODE_0000561	1	[]
0	1121	1	WP_052788887.1	0	[]
0	1122	3	NODE_0000562	1	[]
0	1123	1	WP_109545102.1	0	[]
0	1124	3	NODE_0000563	1	[]
0	1125	1	WP_109545095.1	0	[]
0	1126	3	NODE_0000564	1	[]
0	1127	1	WP_052781249.1	0	[]
0	1128	3	NODE_0000565	1	[]
0	1129	1	WP_109545105.1	0	[]
0	1130	3	NODE_0000566	2	[]
0	1131	3	NODE_0000567	1	[]
0	1132	1	AKI29919.1	0	[]
0	1133	1	WP_109545104.1	0	[]
0	1134	3	NODE_0000568	1	[]
0	1135	1	WP_002812372.1	0	[]
0	1136	3	NODE_0000569	1	[]
0	1137	1	WP_052798312.1	0	[]
0	1138	3	NODE_0000570	1	[]
0	1139	1	AAT01092.1	0	[]
0	1140	3	NODE_0000571	1	[]
0	1141	1	WP_025006557.1	0	[]
0	1142	3	NODE_0000572	1	[]
0	1143	1	WP_002857546.1	0	[]
0	1144	3	NODE_0000573	1	[]
0	1145	1	ATL95930.1	0	[]
0	1146	1	WP_109545108.1	0	[]
0	1147	3	NODE_0000574	3	[]
0	1148	3	NODE_0000575	2	[]
0	1149	3	NODE_0000576	1	[]
0	1150	1	ALA99191.1	0	[]
0	1151	3	NODE_0000577	2	[]
0	1152	3	NODE_0000578	1	[]
0	1153	1	CFB60580.1	0	[]
0	1154	3	NODE_0000579	1	[]
0	1155	1	ALA99186.1	0	[]
0	1156	3	NODE_0000580	1	[]
0	1157	1	AAR32134.1	0	[]
0	1158	1	SUA76968.1	0	[]
0	1159	3	NODE_0000581	2	[]
0	1160	3	NODE_0000582	1	[]
0	1161	1	SNU87672.1	0	[]
0	1162	1	ALA99189.1	0	[]
0	1163	3	NODE_0000583	1	[]
0	1164	1	SUA92210.1	0	[]
0	1165	3	NODE_0000584	1	[]
0	1166	1	ALA99192.1	0	[]
0	1167	1	WP_063861087.1	0	[]
0	1168	3	NODE_0000585	2	[]
0	1169	3	NODE_0000586	1	[]
0	1170	1	QEE23059.1	0	[]
0	1171	3	NODE_0000587	1	[]
0	1172	1	QHT72948.1	0	[]
0	1173	3	NODE_0000588	1	[]
0	1174	1	AAQ08905.1	0	[]
0	1175	3	NODE_0000589	2	[]
0	1176	3	NODE_0000590	1	[]
0	1177	1	BAQ55594.1	0	[]
0	1178	1	WP_102607463.1	0	[]
0	1179	3	NODE_0000591	1	[]
0	1180	1	WP_102607462.1	0	[]
0	1181	1	WP_064808881.1	0	[]
0	1182	3	NODE_0000592	2	[]
0	1183	3	NODE_0000593	1	[]
0	1184	1	WP_003122322.1	0	[]
0	1185	3	NODE_0000594	1	[]
0	1186	1	QBY97442.1	0	[]
0	1187	3	NODE_0000595	1	[]
0	1188	1	WP_010793618.1	0	[]
0	1189	1	WP_164461291.1	0	[]
0	1190	3	NODE_0000596	1	[]
0	1191	1	WP_034081711.1	0	[]
0	1192	3	NODE_0000597	1	[]
0	1193	1	AAQ76277.1	0	[]
0	1194	3	NODE_0000598	1	[]
0	1195	1	QEJ80887.1	0	[]
0	1196	3	NODE_0000599	1	[]
0	1197	1	WP_016852290.1	0	[]
0	1198	1	WP_003118452.1	0	[]
0	1199	3	NODE_0000600	2	[]
0	1200	3	NODE_0000601	1	[]
0	1201	1	AET35493.1	0	[]
0	1202	1	AEM66528.1	0	[]
0	1203	3	NODE_0000602	3	[]
0	1204	3	NODE_0000603	2	[]
0	1205	3	NODE_0000604	1	[]
0	1206	1	CAA41211.1	0	[]
0	1207	1	CAP69660.1	0	[]
0	1208	3	NODE_0000605	2	[]
0	1209	3	NODE_0000606	1	[]
0	1210	1	WP_256875610.1	0	[]
0	1211	3	NODE_0000607	2	[]
0	1212	3	NODE_0000608	1	[]
0	1213	1	WP_122630858.1	0	[]
0	1214	3	NODE_0000609	1	[]
0	1215	1	AAD02245.1	0	[]
0	1216	3	NODE_0000610	1	[]
0	1217	1	ADV41666.1	0	[]
0	1218	1	WP_122630855.1	0	[]
0	1219	3	NODE_0000611	1	[]
0	1220	1	AAK49460.1	0	[]
0	1221	3	NODE_0000612	2	[]
0	1222	3	NODE_0000613	1	[]
0	1223	1	ACN85419.1	0	[]
0	1224	3	NODE_0000614	1	[]
0	1225	1	AAC46344.1	0	[]
0	1226	1	AAF72942.1	0	[]
0	1227	3	NODE_0000615	1	[]
0	1228	1	ACO72579.1	0	[]
0	1229	3	NODE_0000616	2	[]
0	1230	3	NODE_0000617	1	[]
0	1231	1	CAA53242.1	0	[]
0	1232	1	AAR32651.1	0	[]
0	1233	3	NODE_0000618	1	[]
0	1234	1	CAL85435.1	0	[]
0	1235	3	NODE_0000619	1	[]
0	1236	1	WP_121331722.1	0	[]
0	1237	1	WP_256875608.1	0	[]
0	1238	3	NODE_0000620	1	[]
0	1239	1	WP_140423320.1	0	[]
0	1240	3	NODE_0000621	1	[]
0	1241	1	WP_136512104.1	0	[]
0	1242	3	NODE_0000622	1	[]
0	1243	1	WP_122630859.1	0	[]
0	1244	3	NODE_0000623	2	[]
0	1245	3	NODE_0000624	1	[]
0	1246	1	WP_188331877.1	0	[]
0	1247	3	NODE_0000625	1	[]
0	1248	1	BAR45714.1	0	[]
0	1249	3	NODE_0000626	2	[]
0	1250	3	NODE_0000627	1	[]
0	1251	1	CAH69530.1	0	[]
0	1252	1	AMB19637.1	0	[]
0	1253	3	NODE_0000628	1	[]
0	1254	1	AID67109.1	0	[]
0	1255	3	NODE_0000629	1	[]
0	1256	1	ABI63579.1	0	[]
0	1257	1	WP_148044423.1	0	[]
0	1258	3	NODE_0000630	2	[]
0	1259	3	NODE_0000631	2	[]
0	1260	3	NODE_0000632	1	[]
0	1261	1	OWG16436.1	0	[]
0	1262	3	NODE_0000633	1	[]
0	1263	1	AER57903.1	0	[]
0	1264	1	AHC31001.1	0	[]
0	1265	3	NODE_0000634	1	[]
0	1266	1	WP_136512087.1	0	[]
0	1267	3	NODE_0000635	1	[]
0	1268	1	WP_136512086.1	0	[]
0	1269	3	NODE_0000636	1	[]
0	1270	1	WP_065159014.1	0	[]
0	1271	1	WP_242934105.1	0	[]
0	1272	3	NODE_0000637	1	[]
0	1273	1	AAG45720.1	0	[]
0	1274	3	NODE_0000638	2	[]
0	1275	3	NODE_0000639	1	[]
0	1276	1	AFN20670.1	0	[]
0	1277	3	NODE_0000640	1	[]
0	1278	1	WP_122630842.1	0	[]
0	1279	1	WP_122630843.1	0	[]
0	1280	3	NODE_0000641	1	[]
0	1281	1	CCE94500.1	0	[]
0	1282	3	NODE_0000642	1	[]
0	1283	1	WP_136512103.1	0	[]
0	1284	3	NODE_0000643	1	[]
0	1285	1	ABY79006.1	0	[]
0	1286	3	NODE_0000644	1	[]
0	1287	1	AHX74209.1	0	[]
0	1288	3	NODE_0000645	1	[]
0	1289	1	WP_141989064.1	0	[]
0	1290	3	NODE_0000646	1	[]
0	1291	1	AAB97924.1	0	[]
0	1292	1	CAA80304.1	0	[]
0	1293	3	NODE_0000647	2	[]
0	1294	3	NODE_0000648	1	[]
0	1295	1	AAR03105.1	0	[]
0	1296	1	WP_114699266.1	0	[]
0	1297	3	NODE_0000649	2	[]
0	1298	3	NODE_0000650	1	[]
0	1299	1	WP_178317675.1	0	[]
0	1300	3	NODE_0000651	1	[]
0	1301	1	WP_087587942.1	0	[]
0	1302	3	NODE_0000652	2	[]
0	1303	3	NODE_0000653	1	[]
0	1304	1	WP_087587940.1	0	[]
0	1305	1	WP_087587943.1	0	[]
0	1306	3	NODE_0000654	1	[]
0	1307	1	WP_087587941.1	0	[]
0	1308	3	NODE_0000655	1	[]
0	1309	1	WP_087587939.1	0	[]
0	1310	1	WP_087587944.1	0	[]
0	1311	3	NODE_0000656	2	[]
0	1312	3	NODE_0000657	1	[]
0	1313	1	AKH90740.1	0	[]
0	1314	1	WP_094009803.1	0	[]
0	1315	3	NODE_0000658	1	[]
0	1316	1	AFC95894.1	0	[]
0	1317	3	NODE_0000659	2	[]
0	1318	3	NODE_0000660	2	[]
0	1319	3	NODE_0000661	1	[]
0	1320	1	AGC60012.1	0	[]
0	1321	3	NODE_0000662	2	[]
0	1322	3	NODE_0000663	1	[]
0	1323	1	ALI16502.1	0	[]
0	1324	1	WP_188331876.1	0	[]
0	1325	3	NODE_0000664	1	[]
0	1326	1	WP_179284345.1	0	[]
0	1327	3	NODE_0000665	1	[]
0	1328	1	AGD91915.1	0	[]
0	1329	1	WP_140423324.1	0	[]
0	1330	3	NODE_0000666	1	[]
0	1331	1	AJA30430.1	0	[]
0	1332	3	NODE_0000667	1	[]
0	1333	1	WP_085562384.1	0	[]
0	1334	3	NODE_0000668	1	[]
0	1335	1	WP_188331878.1	0	[]
0	1336	3	NODE_0000669	1	[]
0	1337	1	AGC70814.1	0	[]
0	1338	3	NODE_0000670	1	[]
0	1339	1	AKR53961.1	0	[]
0	1340	3	NODE_0000671	1	[]
0	1341	1	WP_136512084.1	0	[]
0	1342	3	NODE_0000672	1	[]
0	1343	1	ADY06444.1	0	[]
0	1344	1	WP_099156052.1	0	[]
0	1345	3	NODE_0000673	1	[]
0	1346	1	AFU91598.1	0	[]
0	1347	3	NODE_0000674	1	[]
0	1348	1	AHF71363.1	0	[]
0	1349	3	NODE_0000675	1	[]
0	1350	1	WP_136512085.1	0	[]
0	1351	3	NODE_0000676	1	[]
0	1352	1	WP_094009808.1	0	[]
0	1353	3	NODE_0000677	1	[]
0	1354	1	AAP70012.1	0	[]
0	1355	3	NODE_0000678	1	[]
0	1356	1	WP_063864118.1	0	[]
0	1357	3	NODE_0000679	1	[]
0	1358	1	AGC60013.1	0	[]
0	1359	3	NODE_0000680	2	[]
0	1360	3	NODE_0000681	1	[]
0	1361	1	WP_144376393.1	0	[]
0	1362	3	NODE_0000682	1	[]
0	1363	1	WP_087587945.1	0	[]
0	1364	1	WP_085562403.1	0	[]
0	1365	3	NODE_0000683	2	[]
0	1366	3	NODE_0000684	2	[]
0	1367	3	NODE_0000685	1	[]
0	1368	1	AEP16366.1	0	[]
0	1369	3	NODE_0000686	1	[]
0	1370	1	WP_179284342.1	0	[]
0	1371	1	WP_256875609.1	0	[]
0	1372	3	NODE_0000687	1	[]
0	1373	1	AAR89917.1	0	[]
0	1374	3	NODE_0000688	1	[]
0	1375	1	WP_116786833.1	0	[]
0	1376	3	NODE_0000689	1	[]
0	1377	1	ARX76025.1	0	[]
0	1378	1	AOQ26572.1	0	[]
0	1379	3	NODE_0000690	1	[]
0	1380	1	WP_179284333.1	0	[]
0	1381	3	NODE_0000691	1	[]
0	1382	1	WP_094009811.1	0	[]
0	1383	3	NODE_0000692	2	[]
0	1384	3	NODE_0000693	1	[]
0	1385	1	AKL59521.1	0	[]
0	1386	1	WP_179284336.1	0	[]
0	1387	3	NODE_0000694	2	[]
0	1388	3	NODE_0000695	1	[]
0	1389	1	ASF15667.1	0	[]
0	1390	1	WP_094009804.1	0	[]
0	1391	3	NODE_0000696	1	[]
0	1392	1	ADG27454.1	0	[]
0	1393	3	NODE_0000697	1	[]
0	1394	1	WP_071593227.1	0	[]
0	1395	3	NODE_0000698	3	[]
0	1396	3	NODE_0000699	2	[]
0	1397	3	NODE_0000700	1	[]
0	1398	1	ANW35663.1	0	[]
0	1399	1	WP_020848173.1	0	[]
0	1400	3	NODE_0000701	2	[]
0	1401	3	NODE_0000702	1	[]
0	1402	1	AIG22448.1	0	[]
0	1403	1	WP_109545072.1	0	[]
0	1404	3	NODE_0000703	1	[]
0	1405	1	ADT70779.1	0	[]
0	1406	3	NODE_0000704	1	[]
0	1407	1	WP_240067734.1	0	[]
0	1408	1	WP_240067735.1	0	[]
0	1409	3	NODE_0000705	2	[]
0	1410	3	NODE_0000706	1	[]
0	1411	1	AAG33665.1	0	[]
0	1412	1	ACC55538.1	0	[]
0	1413	3	NODE_0000707	2	[]
0	1414	3	NODE_0000708	2	[]
0	1415	3	NODE_0000709	1	[]
0	1416	1	CAA71699.2	0	[]
0	1417	1	AAC41449.1	0	[]
0	1418	3	NODE_0000710	1	[]
0	1419	1	AAP43641.1	0	[]
0	1420	3	NODE_0000711	1	[]
0	1421	1	WP_242934103.1	0	[]
0	1422	1	WP_242934104.1	0	[]
0	1423	3	NODE_0000712	1	[]
0	1424	1	WP_072678505.1	0	[]
0	1425	3	NODE_0000713	2	[]
0	1426	3	NODE_0000714	1	[]
0	1427	1	WP_148044422.1	0	[]
0	1428	3	NODE_0000715	1	[]
0	1429	1	AFP97030.1	0	[]
0	1430	1	WP_122634438.1	0	[]
0	1431	3	NODE_0000716	1	[]
0	1432	1	AEO92079.1	0	[]
0	1433	3	NODE_0000717	1	[]
0	1434	1	AAN41427.1	0	[]
0	1435	1	AAK55330.1	0	[]
0	1436	3	NODE_0000718	2	[]
0	1437	3	NODE_0000719	2	[]
0	1438	3	NODE_0000720	1	[]
0	1439	1	WP_122630909.1	0	[]
0	1440	1	WP_128268255.1	0	[]
0	1441	3	NODE_0000721	1	[]
0	1442	1	AJD07402.1	0	[]
0	1443	3	NODE_0000722	1	[]
0	1444	1	WP_128268250.1	0	[]
0	1445	3	NODE_0000723	2	[]
0	1446	3	NODE_0000724	1	[]
0	1447	1	ACX31140.1	0	[]
0	1448	1	WP_152315500.1	0	[]
0	1449	3	NODE_0000725	2	[]
0	1450	3	NODE_0000726	1	[]
0	1451	1	WP_128268252.1	0	[]
0	1452	1	WP_231869600.1	0	[]
0	1453	3	NODE_0000727	1	[]
0	1454	1	WP_152315471.1	0	[]
0	1455	3	NODE_0000728	1	[]
0	1456	1	WP_122630918.1	0	[]
0	1457	3	NODE_0000729	1	[]
0	1458	1	WP_122630892.1	0	[]
0	1459	1	WP_128268245.1	0	[]
0	1460	3	NODE_0000730	1	[]
0	1461	1	WP_128268274.1	0	[]
0	1462	3	NODE_0000731	1	[]
0	1463	1	WP_231869603.1	0	[]
0	1464	3	NODE_0000732	3	[]
0	1465	3	NODE_0000733	2	[]
0	1466	3	NODE_0000734	1	[]
0	1467	1	AHL30272.1	0	[]
0	1468	1	AIS39034.1	0	[]
0	1469	3	NODE_0000735	1	[]
0	1470	1	WP_152315484.1	0	[]
0	1471	3	NODE_0000736	2	[]
0	1472	3	NODE_0000737	1	[]
0	1473	1	WP_122630903.1	0	[]
0	1474	1	WP_231869597.1	0	[]
0	1475	3	NODE_0000738	2	[]
0	1476	3	NODE_0000739	1	[]
0	1477	1	AHN07458.1	0	[]
0	1478	1	WP_152315497.1	0	[]
0	1479	3	NODE_0000740	1	[]
0	1480	1	WP_242934091.1	0	[]
0	1481	3	NODE_0000741	1	[]
0	1482	1	WP_249828065.1	0	[]
0	1483	3	NODE_0000742	1	[]
0	1484	1	WP_242934096.1	0	[]
0	1485	1	WP_242934097.1	0	[]
0	1486	3	NODE_0000743	2	[]
0	1487	3	NODE_0000744	1	[]
0	1488	1	WP_128268260.1	0	[]
0	1489	3	NODE_0000745	2	[]
0	1490	3	NODE_0000746	1	[]
0	1491	1	WP_242934081.1	0	[]
0	1492	1	WP_242934106.1	0	[]
0	1493	3	NODE_0000747	1	[]
0	1494	1	WP_242934098.1	0	[]
0	1495	3	NODE_0000748	1	[]
0	1496	1	WP_242934086.1	0	[]
0	1497	3	NODE_0000749	1	[]
0	1498	1	WP_128268242.1	0	[]
0	1499	3	NODE_0000750	1	[]
0	1500	1	WP_242934087.1	0	[]
0	1501	3	NODE_0000751	1	[]
0	1502	1	WP_242934082.1	0	[]
0	1503	3	NODE_0000752	2	[]
0	1504	3	NODE_0000753	1	[]
0	1505	1	WP_242934085.1	0	[]
0	1506	3	NODE_0000754	1	[]
0	1507	1	WP_242934083.1	0	[]
0	1508	1	WP_242934084.1	0	[]
0	1509	3	NODE_0000755	1	[]
0	1510	1	WP_242934080.1	0	[]
0	1511	3	NODE_0000756	1	[]
0	1512	1	ABX45066.1	0	[]
0	1513	3	NODE_0000757	1	[]
0	1514	1	WP_242934079.1	0	[]
0	1515	3	NODE_0000758	2	[]
0	1516	3	NODE_0000759	1	[]
0	1517	1	WP_242934112.1	0	[]
0	1518	3	NODE_0000760	1	[]
0	1519	1	WP_242934100.1	0	[]
0	1520	3	NODE_0000761	1	[]
0	1521	1	WP_171476790.1	0	[]
0	1522	3	NODE_0000762	2	[]
0	1523	3	NODE_0000763	1	[]
0	1524	1	BAL15076.1	0	[]
0	1525	3	NODE_0000764	1	[]
0	1526	1	ABC26006.1	0	[]
0	1527	1	WP_068981640.1	0	[]
0	1528	3	NODE_0000765	1	[]
0	1529	1	BAN10684.1	0	[]
0	1530	3	NODE_0000766	1	[]
0	1531	1	WP_140423323.1	0	[]
0	1532	3	NODE_0000767	1	[]
0	1533	1	ABV31689.1	0	[]
0	1534	1	WP_125052736.1	0	[]
0	1535	3	NODE_0000768	1	[]
0	1536	1	WP_242934111.1	0	[]
0	1537	3	NODE_0000769	1	[]
0	1538	1	WP_213994600.1	0	[]
0	1539	3	NODE_0000770	1	[]
0	1540	1	ADI58620.1	0	[]
0	1541	3	NODE_0000771	2	[]
0	1542	3	NODE_0000772	1	[]
0	1543	1	ADX07746.1	0	[]
0	1544	3	NODE_0000773	1	[]
0	1545	1	AEB98922.1	0	[]
0	1546	3	NODE_0000774	1	[]
0	1547	1	AEB98920.1	0	[]
0	1548	3	NODE_0000775	1	[]
0	1549	1	AEB98921.1	0	[]
0	1550	1	AEB98923.1	0	[]
0	1551	3	NODE_0000776	1	[]
0	1552	1	ABV71248.1	0	[]
0	1553	3	NODE_0000777	2	[]
0	1554	3	NODE_0000778	1	[]
0	1555	1	ADI58618.1	0	[]
0	1556	1	ADI58621.1	0	[]
0	1557	3	NODE_0000779	1	[]
0	1558	1	ACD45467.1	0	[]
0	1559	1	ADI58619.1	0	[]
0	1560	3	NODE_0000780	2	[]
0	1561	3	NODE_0000781	2	[]
0	1562	3	NODE_0000782	1	[]
0	1563	1	CCA94649.1	0	[]
0	1564	1	ADM26745.1	0	[]
0	1565	3	NODE_0000783	1	[]
0	1566	1	WP_085562410.1	0	[]
0	1567	3	NODE_0000784	1	[]
0	1568	1	AHN07454.1	0	[]
0	1569	3	NODE_0000785	3	[]
0	1570	3	NODE_0000786	2	[]
0	1571	3	NODE_0000787	2	[]
0	1572	3	NODE_0000788	1	[]
0	1573	1	WP_068981635.1	0	[]
0	1574	1	WP_242934094.1	0	[]
0	1575	3	NODE_0000789	1	[]
0	1576	1	WP_128268239.1	0	[]
0	1577	3	NODE_0000790	1	[]
0	1578	1	AAW81336.1	0	[]
0	1579	1	WP_219860726.1	0	[]
0	1580	3	NODE_0000791	1	[]
0	1581	1	WP_085562413.1	0	[]
0	1582	3	NODE_0000792	1	[]
0	1583	1	WP_152315504.1	0	[]
0	1584	3	NODE_0000793	1	[]
0	1585	1	AGU69252.1	0	[]
0	1586	3	NODE_0000794	1	[]
0	1587	1	WP_122630893.1	0	[]
0	1588	3	NODE_0000795	1	[]
0	1589	1	WP_122630920.1	0	[]
0	1590	1	WP_047480628.1	0	[]
0	1591	3	NODE_0000796	2	[]
0	1592	3	NODE_0000797	2	[]
0	1593	3	NODE_0000798	1	[]
0	1594	1	WP_128268262.1	0	[]
0	1595	3	NODE_0000799	1	[]
0	1596	1	WP_122630884.1	0	[]
0	1597	3	NODE_0000800	1	[]
0	1598	1	WP_128268276.1	0	[]
0	1599	3	NODE_0000801	1	[]
0	1600	1	WP_152315491.1	0	[]
0	1601	1	WP_242934102.1	0	[]
0	1602	3	NODE_0000802	1	[]
0	1603	1	WP_152315503.1	0	[]
0	1604	3	NODE_0000803	2	[]
0	1605	3	NODE_0000804	1	[]
0	1606	1	ABW70410.1	0	[]
0	1607	1	WP_032018141.1	0	[]
0	1608	3	NODE_0000805	3	[]
0	1609	3	NODE_0000806	2	[]
0	1610	3	NODE_0000807	1	[]
0	1611	1	AGU69250.1	0	[]
0	1612	1	WP_068981638.1	0	[]
0	1613	3	NODE_0000808	1	[]
0	1614	1	WP_122630889.1	0	[]
0	1615	3	NODE_0000809	1	[]
0	1616	1	AFO55201.1	0	[]
0	1617	1	WP_122630888.1	0	[]
0	1618	3	NODE_0000810	2	[]
0	1619	3	NODE_0000811	2	[]
0	1620	3	NODE_0000812	1	[]
0	1621	1	AGU69248.1	0	[]
0	1622	1	WP_152315479.1	0	[]
0	1623	3	NODE_0000813	1	[]
0	1624	1	WP_068981639.1	0	[]
0	1625	1	WP_085562412.1	0	[]
0	1626	3	NODE_0000814	1	[]
0	1627	1	AAW81342.1	0	[]
0	1628	3	NODE_0000815	2	[]
0	1629	3	NODE_0000816	1	[]
0	1630	1	AGU69251.1	0	[]
0	1631	1	WP_063864158.1	0	[]
0	1632	3	NODE_0000817	1	[]
0	1633	1	AHL30274.1	0	[]
0	1634	1	WP_128268244.1	0	[]
0	1635	3	NODE_0000818	1	[]
0	1636	1	ADM26744.1	0	[]
0	1637	3	NODE_0000819	2	[]
0	1638	3	NODE_0000820	1	[]
0	1639	1	WP_242934093.1	0	[]
0	1640	3	NODE_0000821	1	[]
0	1641	1	WP_085562409.1	0	[]
0	1642	3	NODE_0000822	1	[]
0	1643	1	WP_242934092.1	0	[]
0	1644	3	NODE_0000823	1	[]
0	1645	1	ABX45061.1	0	[]
0	1646	1	AJD07401.1	0	[]
0	1647	3	NODE_0000824	1	[]
0	1648	1	WP_122630904.1	0	[]
0	1649	3	NODE_0000825	2	[]
0	1650	3	NODE_0000826	1	[]
0	1651	1	WP_162280230.1	0	[]
0	1652	3	NODE_0000827	1	[]
0	1653	1	AHL30277.1	0	[]
0	1654	1	WP_122630891.1	0	[]
0	1655	3	NODE_0000828	3	[]
0	1656	3	NODE_0000829	2	[]
0	1657	3	NODE_0000830	1	[]
0	1658	1	AJD07406.1	0	[]
0	1659	1	WP_152315493.1	0	[]
0	1660	3	NODE_0000831	2	[]
0	1661	3	NODE_0000832	1	[]
0	1662	1	AHL30276.1	0	[]
0	1663	1	WP_122630906.1	0	[]
0	1664	3	NODE_0000833	1	[]
0	1665	1	ABI53716.1	0	[]
0	1666	3	NODE_0000834	1	[]
0	1667	1	AJD07403.1	0	[]
0	1668	1	WP_085562415.1	0	[]
0	1669	3	NODE_0000835	3	[]
0	1670	3	NODE_0000836	2	[]
0	1671	3	NODE_0000837	1	[]
0	1672	1	WP_122630895.1	0	[]
0	1673	3	NODE_0000838	1	[]
0	1674	1	WP_256875613.1	0	[]
0	1675	3	NODE_0000839	1	[]
0	1676	1	ENW50687.1	0	[]
0	1677	1	WP_256875611.1	0	[]
0	1678	3	NODE_0000840	1	[]
0	1679	1	WP_086263559.1	0	[]
0	1680	3	NODE_0000841	1	[]
0	1681	1	AIM47096.1	0	[]
0	1682	3	NODE_0000842	1	[]
0	1683	1	WP_068981645.1	0	[]
0	1684	1	WP_122630894.1	0	[]
0	1685	3	NODE_0000843	2	[]
0	1686	3	NODE_0000844	1	[]
0	1687	1	CAC83905.2	0	[]
0	1688	1	AEL17179.1	0	[]
0	1689	3	NODE_0000845	2	[]
0	1690	3	NODE_0000846	1	[]
0	1691	1	WP_140423321.1	0	[]
0	1692	3	NODE_0000847	1	[]
0	1693	1	WP_152315477.1	0	[]
0	1694	3	NODE_0000848	1	[]
0	1695	1	AHI63011.1	0	[]
0	1696	1	ABV31691.1	0	[]
0	1697	3	NODE_0000849	1	[]
0	1698	1	ACD84990.1	0	[]
0	1699	3	NODE_0000850	2	[]
0	1700	3	NODE_0000851	1	[]
0	1701	1	AHL30287.1	0	[]
0	1702	3	NODE_0000852	1	[]
0	1703	1	WP_122630911.1	0	[]
0	1704	1	WP_128268270.1	0	[]
0	1705	3	NODE_0000853	1	[]
0	1706	1	WP_122630890.1	0	[]
0	1707	3	NODE_0000854	1	[]
0	1708	1	WP_152315499.1	0	[]
0	1709	3	NODE_0000855	1	[]
0	1710	1	AIS39036.1	0	[]
0	1711	3	NODE_0000856	1	[]
0	1712	1	AJD07408.1	0	[]
0	1713	1	WP_152315474.1	0	[]
0	1714	3	NODE_0000857	1	[]
0	1715	1	AGV04655.1	0	[]
0	1716	3	NODE_0000858	3	[]
0	1717	3	NODE_0000859	2	[]
0	1718	3	NODE_0000860	2	[]
0	1719	3	NODE_0000861	1	[]
0	1720	1	WP_122630901.1	0	[]
0	1721	3	NODE_0000862	1	[]
0	1722	1	WP_152315502.1	0	[]
0	1723	1	WP_256875612.1	0	[]
0	1724	3	NODE_0000863	1	[]
0	1725	1	WP_085562411.1	0	[]
0	1726	3	NODE_0000864	1	[]
0	1727	1	AGU69253.1	0	[]
0	1728	3	NODE_0000865	1	[]
0	1729	1	ABF47917.1	0	[]
0	1730	3	NODE_0000866	1	[]
0	1731	1	AGU69254.1	0	[]
0	1732	1	WP_242934101.1	0	[]
0	1733	3	NODE_0000867	1	[]
0	1734	1	WP_152315490.1	0	[]
0	1735	3	NODE_0000868	2	[]
0	1736	3	NODE_0000869	1	[]
0	1737	1	CAJ77809.1	0	[]
0	1738	3	NODE_0000870	1	[]
0	1739	1	ABF47918.1	0	[]
0	1740	1	WP_068981636.1	0	[]
0	1741	3	NODE_0000871	2	[]
0	1742	3	NODE_0000872	2	[]
0	1743	3	NODE_0000873	1	[]
0	1744	1	AHN07460.1	0	[]
0	1745	1	WP_128268265.1	0	[]
0	1746	3	NODE_0000874	1	[]
0	1747	1	WP_085562402.1	0	[]
0	1748	3	NODE_0000875	1	[]
0	1749	1	ADX07745.1	0	[]
0	1750	1	WP_065419572.1	0	[]
0	1751	3	NODE_0000876	1	[]
0	1752	1	WP_136512088.1	0	[]
0	1753	3	NODE_0000877	1	[]
0	1754	1	WP_249828066.1	0	[]
0	1755	3	NODE_0000878	1	[]
0	1756	1	WP_068981642.1	0	[]
0	1757	3	NODE_0000879	2	[]
0	1758	3	NODE_0000880	1	[]
0	1759	1	WP_128268257.1	0	[]
0	1760	3	NODE_0000881	1	[]
0	1761	1	ABX45065.1	0	[]
0	1762	1	WP_122630902.1	0	[]
0	1763	3	NODE_0000882	1	[]
0	1764	1	ACD84988.1	0	[]
0	1765	3	NODE_0000883	1	[]
0	1766	1	CCJ32597.1	0	[]
0	1767	3	NODE_0000884	1	[]
0	1768	1	ABV31688.1	0	[]
0	1769	3	NODE_0000885	1	[]
0	1770	1	PCE45447.1	0	[]
0	1771	1	WP_128268266.1	0	[]
0	1772	3	NODE_0000886	3	[]
0	1773	3	NODE_0000887	2	[]
0	1774	3	NODE_0000888	2	[]
0	1775	3	NODE_0000889	1	[]
0	1776	1	WP_128268272.1	0	[]
0	1777	1	WP_152315476.1	0	[]
0	1778	3	NODE_0000890	1	[]
0	1779	1	WP_128268277.1	0	[]
0	1780	1	WP_136512090.1	0	[]
0	1781	3	NODE_0000891	1	[]
0	1782	1	AJD07405.1	0	[]
0	1783	3	NODE_0000892	3	[]
0	1784	3	NODE_0000893	2	[]
0	1785	3	NODE_0000894	1	[]
0	1786	1	WP_114225343.1	0	[]
0	1787	3	NODE_0000895	1	[]
0	1788	1	WP_128268263.1	0	[]
0	1789	3	NODE_0000896	1	[]
0	1790	1	OTK94966.1	0	[]
0	1791	1	WP_122630913.1	0	[]
0	1792	3	NODE_0000897	1	[]
0	1793	1	WP_032061328.1	0	[]
0	1794	3	NODE_0000898	2	[]
0	1795	3	NODE_0000899	1	[]
0	1796	1	AHL30279.1	0	[]
0	1797	1	WP_128268264.1	0	[]
0	1798	3	NODE_0000900	1	[]
0	1799	1	ENW43915.1	0	[]
0	1800	1	WP_122630897.1	0	[]
0	1801	3	NODE_0000901	2	[]
0	1802	3	NODE_0000902	1	[]
0	1803	1	AHN53381.1	0	[]
0	1804	3	NODE_0000903	2	[]
0	1805	3	NODE_0000904	1	[]
0	1806	1	ABV31686.1	0	[]
0	1807	3	NODE_0000905	1	[]
0	1808	1	AHL30286.1	0	[]
0	1809	3	NODE_0000906	1	[]
0	1810	1	ABX45062.1	0	[]
0	1811	1	AJD07407.1	0	[]
0	1812	3	NODE_0000907	2	[]
0	1813	3	NODE_0000908	1	[]
0	1814	1	WP_128268253.1	0	[]
0	1815	1	WP_128268254.1	0	[]
0	1816	3	NODE_0000909	1	[]
0	1817	1	WP_128268251.1	0	[]
0	1818	3	NODE_0000910	1	[]
0	1819	1	WP_122630908.1	0	[]
0	1820	3	NODE_0000911	1	[]
0	1821	1	AAW81341.1	0	[]
0	1822	3	NODE_0000912	1	[]
0	1823	1	WP_152315496.1	0	[]
0	1824	3	NODE_0000913	1	[]
0	1825	1	AIS39035.1	0	[]
0	1826	1	ABX45064.1	0	[]
0	1827	3	NODE_0000914	1	[]
0	1828	1	AHN07456.1	0	[]
0	1829	3	NODE_0000915	1	[]
0	1830	1	WP_122630910.1	0	[]
0	1831	3	NODE_0000916	1	[]
0	1832	1	WP_152315486.1	0	[]
0	1833	3	NODE_0000917	2	[]
0	1834	3	NODE_0000918	1	[]
0	1835	1	ABX45063.1	0	[]
0	1836	3	NODE_0000919	1	[]
0	1837	1	WP_085562408.1	0	[]
0	1838	1	WP_122630916.1	0	[]
0	1839	3	NODE_0000920	2	[]
0	1840	3	NODE_0000921	2	[]
0	1841	3	NODE_0000922	1	[]
0	1842	1	RIL13772.1	0	[]
0	1843	1	WP_085562414.1	0	[]
0	1844	3	NODE_0000923	1	[]
0	1845	1	AJG01378.1	0	[]
0	1846	3	NODE_0000924	1	[]
0	1847	1	WP_128268261.1	0	[]
0	1848	3	NODE_0000925	1	[]
0	1849	1	ENW35072.1	0	[]
0	1850	1	WP_122630905.1	0	[]
0	1851	3	NODE_0000926	1	[]
0	1852	1	CCA94644.1	0	[]
0	1853	3	NODE_0000927	2	[]
0	1854	3	NODE_0000928	1	[]
0	1855	1	AHL30283.1	0	[]
0	1856	3	NODE_0000929	1	[]
0	1857	1	AJG01379.1	0	[]
0	1858	1	WP_128268258.1	0	[]
0	1859	3	NODE_0000930	1	[]
0	1860	1	WP_068981643.1	0	[]
0	1861	3	NODE_0000931	1	[]
0	1862	1	WP_128268259.1	0	[]
0	1863	3	NODE_0000932	2	[]
0	1864	3	NODE_0000933	1	[]
0	1865	1	WP_128268275.1	0	[]
0	1866	1	WP_152315498.1	0	[]
0	1867	3	NODE_0000934	2	[]
0	1868	3	NODE_0000935	1	[]
0	1869	1	WP_128268238.1	0	[]
0	1870	3	NODE_0000936	1	[]
0	1871	1	WP_152315475.1	0	[]
0	1872	3	NODE_0000937	1	[]
0	1873	1	EOQ63861.1	0	[]
0	1874	3	NODE_0000938	1	[]
0	1875	1	AHL30280.1	0	[]
0	1876	3	NODE_0000939	1	[]
0	1877	1	CCJ32595.1	0	[]
0	1878	1	WP_128268256.1	0	[]
0	1879	3	NODE_0000940	2	[]
0	1880	3	NODE_0000941	1	[]
0	1881	1	AHN07464.1	0	[]
0	1882	1	WP_114252036.1	0	[]
0	1883	3	NODE_0000942	1	[]
0	1884	1	WP_063862927.1	0	[]
0	1885	3	NODE_0000943	2	[]
0	1886	3	NODE_0000944	1	[]
0	1887	1	WP_162278338.1	0	[]
0	1888	3	NODE_0000945	1	[]
0	1889	1	CCJ32598.1	0	[]
0	1890	1	WP_063864138.1	0	[]
0	1891	3	NODE_0000946	2	[]
0	1892	3	NODE_0000947	1	[]
0	1893	1	ABC61637.1	0	[]
0	1894	3	NODE_0000948	1	[]
0	1895	1	BAO09635.1	0	[]
0	1896	1	ABV31692.1	0	[]
0	1897	3	NODE_0000949	2	[]
0	1898	3	NODE_0000950	1	[]
0	1899	1	ABV31687.1	0	[]
0	1900	1	WP_114158997.1	0	[]
0	1901	3	NODE_0000951	1	[]
0	1902	1	CAM86994.1	0	[]
0	1903	3	NODE_0000952	2	[]
0	1904	3	NODE_0000953	1	[]
0	1905	1	AIM47095.1	0	[]
0	1906	1	WP_122630922.1	0	[]
0	1907	3	NODE_0000954	1	[]
0	1908	1	WP_152315481.1	0	[]
0	1909	3	NODE_0000955	1	[]
0	1910	1	CCJ32596.1	0	[]
0	1911	1	ABV31690.1	0	[]
0	1912	3	NODE_0000956	2	[]
0	1913	3	NODE_0000957	1	[]
0	1914	1	WP_122630921.1	0	[]
0	1915	3	NODE_0000958	1	[]
0	1916	1	ABF47916.1	0	[]
0	1917	1	WP_122630864.1	0	[]
0	1918	3	NODE_0000959	2	[]
0	1919	3	NODE_0000960	1	[]
0	1920	1	WP_128268268.1	0	[]
0	1921	3	NODE_0000961	1	[]
0	1922	1	AHN07463.1	0	[]
0	1923	1	WP_001021774.1	0	[]
0	1924	3	NODE_0000962	2	[]
0	1925	3	NODE_0000963	1	[]
0	1926	1	WP_152315483.1	0	[]
0	1927	3	NODE_0000964	2	[]
0	1928	3	NODE_0000965	2	[]
0	1929	3	NODE_0000966	1	[]
0	1930	1	WP_240067728.1	0	[]
0	1931	3	NODE_0000967	1	[]
0	1932	1	ABW95047.1	0	[]
0	1933	1	WP_122630900.1	0	[]
0	1934	3	NODE_0000968	1	[]
0	1935	1	AJG01377.1	0	[]
0	1936	3	NODE_0000969	2	[]
0	1937	3	NODE_0000970	1	[]
0	1938	1	WP_213994599.1	0	[]
0	1939	1	WP_242934090.1	0	[]
0	1940	3	NODE_0000971	1	[]
0	1941	1	AHK51384.1	0	[]
0	1942	3	NODE_0000972	1	[]
0	1943	1	AHL30281.1	0	[]
0	1944	1	WP_122630853.1	0	[]
0	1945	3	NODE_0000973	1	[]
0	1946	1	ABF47914.1	0	[]
0	1947	3	NODE_0000974	2	[]
0	1948	3	NODE_0000975	1	[]
0	1949	1	WP_122630917.1	0	[]
0	1950	3	NODE_0000976	1	[]
0	1951	1	AJA32742.1	0	[]
0	1952	1	WP_085562416.1	0	[]
0	1953	3	NODE_0000977	1	[]
0	1954	1	AGU69255.1	0	[]
0	1955	3	NODE_0000978	2	[]
0	1956	3	NODE_0000979	1	[]
0	1957	1	WP_136512091.1	0	[]
0	1958	3	NODE_0000980	2	[]
0	1959	3	NODE_0000981	1	[]
0	1960	1	WP_128268240.1	0	[]
0	1961	1	WP_136512089.1	0	[]
0	1962	3	NODE_0000982	1	[]
0	1963	1	WP_122630886.1	0	[]
0	1964	3	NODE_0000983	2	[]
0	1965	3	NODE_0000984	1	[]
0	1966	1	AHL30282.1	0	[]
0	1967	1	AJD07404.1	0	[]
0	1968	3	NODE_0000985	1	[]
0	1969	1	CAP01453.1	0	[]
0	1970	3	NODE_0000986	1	[]
0	1971	1	WP_122630885.1	0	[]
0	1972	1	WP_122630899.1	0	[]
0	1973	3	NODE_0000987	2	[]
0	1974	3	NODE_0000988	1	[]
0	1975	1	ACV49885.1	0	[]
0	1976	1	AAX51233.1	0	[]
0	1977	3	NODE_0000989	2	[]
0	1978	3	NODE_0000990	1	[]
0	1979	1	CAK50801.1	0	[]
0	1980	3	NODE_0000991	1	[]
0	1981	1	WP_122630896.1	0	[]
0	1982	3	NODE_0000992	1	[]
0	1983	1	AHL30273.1	0	[]
0	1984	3	NODE_0000993	1	[]
0	1985	1	ACY56711.1	0	[]
0	1986	3	NODE_0000994	1	[]
0	1987	1	AKU37610.1	0	[]
0	1988	3	NODE_0000995	1	[]
0	1989	1	AAW81339.1	0	[]
0	1990	3	NODE_0000996	1	[]
0	1991	1	ABY77907.1	0	[]
0	1992	3	NODE_0000997	1	[]
0	1993	1	AJA32744.1	0	[]
0	1994	3	NODE_0000998	1	[]
0	1995	1	WP_242934088.1	0	[]
0	1996	1	WP_242934089.1	0	[]
0	1997	3	NODE_0000999	3	[]
0	1998	3	NODE_0001000	2	[]
0	1999	3	NODE_0001001	1	[]
0	2000	1	ACX31142.1	0	[]
0	2001	1	ACX31141.1	0	[]
0	2002	3	NODE_0001002	1	[]
0	2003	1	AFZ84684.1	0	[]
0	2004	3	NODE_0001003	1	[]
0	2005	1	AEO44980.1	0	[]
0	2006	1	AAW81358.1	0	[]
0	2007	3	NODE_0001004	2	[]
0	2008	3	NODE_0001005	1	[]
0	2009	1	WP_063864208.1	0	[]
0	2010	1	WP_122630919.1	0	[]
0	2011	3	NODE_0001006	1	[]
0	2012	1	WP_152315480.1	0	[]
0	2013	3	NODE_0001007	1	[]
0	2014	1	WP_016685888.1	0	[]
0	2015	3	NODE_0001008	1	[]
0	2016	1	ABE03012.1	0	[]
0	2017	1	WP_152315485.1	0	[]
0	2018	3	NODE_0001009	2	[]
0	2019	3	NODE_0001010	2	[]
0	2020	3	NODE_0001011	1	[]
0	2021	1	WP_128268271.1	0	[]
0	2022	1	WP_152315478.1	0	[]
0	2023	3	NODE_0001012	1	[]
0	2024	1	WP_058061931.1	0	[]
0	2025	3	NODE_0001013	1	[]
0	2026	1	WP_231869602.1	0	[]
0	2027	3	NODE_0001014	1	[]
0	2028	1	AHL30278.1	0	[]
0	2029	1	AHL30284.1	0	[]
0	2030	3	NODE_0001015	1	[]
0	2031	1	WP_068981647.1	0	[]
0	2032	3	NODE_0001016	1	[]
0	2033	1	WP_128268249.1	0	[]
0	2034	3	NODE_0001017	2	[]
0	2035	3	NODE_0001018	2	[]
0	2036	3	NODE_0001019	1	[]
0	2037	1	WP_128268246.1	0	[]
0	2038	3	NODE_0001020	1	[]
0	2039	1	WP_128268247.1	0	[]
0	2040	3	NODE_0001021	1	[]
0	2041	1	WP_122630907.1	0	[]
0	2042	1	WP_122630914.1	0	[]
0	2043	3	NODE_0001022	1	[]
0	2044	1	ABQ52429.1	0	[]
0	2045	3	NODE_0001023	1	[]
0	2046	1	WP_231869598.1	0	[]
0	2047	3	NODE_0001024	1	[]
0	2048	1	ADX07748.1	0	[]
0	2049	3	NODE_0001025	1	[]
0	2050	1	WP_122630912.1	0	[]
0	2051	1	WP_152315494.1	0	[]
0	2052	3	NODE_0001026	1	[]
0	2053	1	WP_128268248.1	0	[]
0	2054	3	NODE_0001027	1	[]
0	2055	1	WP_128268273.1	0	[]
0	2056	3	NODE_0001028	1	[]
0	2057	1	WP_122630887.1	0	[]
0	2058	3	NODE_0001029	2	[]
0	2059	3	NODE_0001030	1	[]
0	2060	1	WP_128268269.1	0	[]
0	2061	3	NODE_0001031	1	[]
0	2062	1	AHL30275.1	0	[]
0	2063	1	WP_152315469.1	0	[]
0	2064	3	NODE_0001032	2	[]
0	2065	3	NODE_0001033	1	[]
0	2066	1	AAW81337.1	0	[]
0	2067	3	NODE_0001034	2	[]
0	2068	3	NODE_0001035	1	[]
0	2069	1	WP_152315482.1	0	[]
0	2070	1	WP_152315495.1	0	[]
0	2071	3	NODE_0001036	1	[]
0	2072	1	WP_152315505.1	0	[]
0	2073	3	NODE_0001037	1	[]
0	2074	1	WP_128268241.1	0	[]
0	2075	3	NODE_0001038	1	[]
0	2076	1	AFO55202.1	0	[]
0	2077	3	NODE_0001039	1	[]
0	2078	1	AEL88491.1	0	[]
0	2079	1	WP_152315470.1	0	[]
0	2080	3	NODE_0001040	2	[]
0	2081	3	NODE_0001041	2	[]
0	2082	3	NODE_0001042	1	[]
0	2083	1	ADX07747.1	0	[]
0	2084	3	NODE_0001043	1	[]
0	2085	1	WP_122630844.1	0	[]
0	2086	3	NODE_0001044	1	[]
0	2087	1	ABC26007.1	0	[]
0	2088	1	AJA32743.1	0	[]
0	2089	3	NODE_0001045	1	[]
0	2090	1	ACD84989.1	0	[]
0	2091	3	NODE_0001046	1	[]
0	2092	1	WP_109791216.1	0	[]
0	2093	3	NODE_0001047	1	[]
0	2094	1	ADI58616.1	0	[]
0	2095	3	NODE_0001048	1	[]
0	2096	1	ADI58617.1	0	[]
0	2097	1	WP_140423322.1	0	[]
0	2098	3	NODE_0001049	1	[]
0	2099	1	ABK34774.1	0	[]
0	2100	3	NODE_0001050	2	[]
0	2101	3	NODE_0001051	1	[]
0	2102	1	WP_038350216.1	0	[]
0	2103	3	NODE_0001052	1	[]
0	2104	1	AAX51234.1	0	[]
0	2105	1	ENU54757.1	0	[]
0	2106	3	NODE_0001053	2	[]
0	2107	3	NODE_0001054	1	[]
0	2108	1	ABD48715.1	0	[]
0	2109	3	NODE_0001055	1	[]
0	2110	1	ABV71247.1	0	[]
0	2111	3	NODE_0001056	1	[]
0	2112	1	ADI58622.1	0	[]
0	2113	1	ABS71123.1	0	[]
0	2114	3	NODE_0001057	2	[]
0	2115	3	NODE_0001058	1	[]
0	2116	1	AHN07452.1	0	[]
0	2117	1	WP_070064535.1	0	[]
0	2118	3	NODE_0001059	2	[]
0	2119	3	NODE_0001060	1	[]
0	2120	1	ABV71246.1	0	[]
0	2121	1	ALL53530.1	0	[]
0	2122	3	NODE_0001061	1	[]
0	2123	1	WP_063864150.1	0	[]
0	2124	1	WP_152315489.1	0	[]
